constraint_name,table_name,column_name,referenced_table_name,referenced_column_name,update_rule,delete_rule
"adjuster_sign_offs_claim_id_claims_id_fk","adjuster_sign_offs","claim_id","claims","id","CASCADE","CASCADE"
"ai_assessments_claim_id_claims_id_fk","ai_assessments","claim_id","claims","id","CASCADE","CASCADE"
"appointments_claim_id_claims_id_fk","appointments","claim_id","claims","id","CASCADE","CASCADE"
"approval_workflow_claim_id_claims_id_fk","approval_workflow","claim_id","claims","id","CASCADE","CASCADE"
"assessor_evaluations_claim_id_claims_id_fk","assessor_evaluations","claim_id","claims","id","CASCADE","CASCADE"
"assessor_evaluations_source_report_id_assessor_reports_id_fk","assessor_evaluations","source_report_id","assessor_reports","id","CASCADE","SET NULL"
"assessor_report_attachments_report_id_assessor_reports_id_fk","assessor_report_attachments","report_id","assessor_reports","id","CASCADE","CASCADE"
"assessor_report_reviews_claim_id_claims_id_fk","assessor_report_reviews","claim_id","claims","id","CASCADE","CASCADE"
"assessor_report_reviews_report_id_assessor_reports_id_fk","assessor_report_reviews","report_id","assessor_reports","id","CASCADE","CASCADE"
"assessor_report_reviews_reviewer_user_id_users_id_fk","assessor_report_reviews","reviewer_user_id","users","id","CASCADE","RESTRICT"
"assessor_reports_assessor_user_id_users_id_fk","assessor_reports","assessor_user_id","users","id","CASCADE","RESTRICT"
"assessor_reports_assignment_id_claim_assignments_id_fk","assessor_reports","assignment_id","claim_assignments","id","CASCADE","RESTRICT"
"assessor_reports_attested_by_user_id_users_id_fk","assessor_reports","attested_by_user_id","users","id","CASCADE","SET NULL"
"assessor_reports_claim_id_claims_id_fk","assessor_reports","claim_id","claims","id","CASCADE","CASCADE"
"audit_trail_claim_id_claims_id_fk","audit_trail","claim_id","claims","id","CASCADE","CASCADE"
"automation_audit_log_claim_id_claims_id_fk","automation_audit_log","claim_id","claims","id","CASCADE","SET NULL"
"claim_approvals_claim_id_claims_id_fk","claim_approvals","claim_id","claims","id","CASCADE","CASCADE"
"claim_assignments_assigned_by_user_id_users_id_fk","claim_assignments","assigned_by_user_id","users","id","CASCADE","SET NULL"
"claim_assignments_assigned_to_user_id_users_id_fk","claim_assignments","assigned_to_user_id","users","id","CASCADE","RESTRICT"
"claim_assignments_claim_id_claims_id_fk","claim_assignments","claim_id","claims","id","CASCADE","CASCADE"
"claim_comments_author_user_id_users_id_fk","claim_comments","author_user_id","users","id","NO ACTION","NO ACTION"
"claim_comments_claimId_claims_id_fk","claim_comments","claimId","claims","id","NO ACTION","NO ACTION"
"claim_confidence_scores_claim_id_claims_id_fk","claim_confidence_scores","claim_id","claims","id","CASCADE","CASCADE"
"claim_documents_claim_id_claims_id_fk","claim_documents","claim_id","claims","id","CASCADE","CASCADE"
"claim_documents_inspection_id_inspections_id_fk","claim_documents","inspection_id","inspections","id","CASCADE","SET NULL"
"claim_events_claim_id_claims_id_fk","claim_events","claim_id","claims","id","CASCADE","CASCADE"
"claim_intake_requests_claim_id_claims_id_fk","claim_intake_requests","claim_id","claims","id","CASCADE","SET NULL"
"claim_intelligence_dataset_claim_id_claims_id_fk","claim_intelligence_dataset","claim_id","claims","id","CASCADE","SET NULL"
"claim_involvement_tracking_claim_id_claims_id_fk","claim_involvement_tracking","claim_id","claims","id","CASCADE","CASCADE"
"claim_routing_decisions_claim_id_claims_id_fk","claim_routing_decisions","claim_id","claims","id","CASCADE","CASCADE"
"component_repair_outcomes_claim_id_claims_id_fk","component_repair_outcomes","claim_id","claims","id","CASCADE","CASCADE"
"cost_learning_records_claim_id_claims_id_fk","cost_learning_records","claim_id","claims","id","CASCADE","SET NULL"
"cross_claim_signals_claim_id_claims_id_fk","cross_claim_signals","claim_id","claims","id","CASCADE","CASCADE"
"driver_claims_claim_id_claims_id_fk","driver_claims","claim_id","claims","id","CASCADE","CASCADE"
"fast_track_routing_log_claim_id_claims_id_fk","fast_track_routing_log","claim_id","claims","id","CASCADE","CASCADE"
"fk_aal_automation_policy","automation_audit_log","automation_policy_id","automation_policies","id","NO ACTION","NO ACTION"
"fk_aal_confidence_score","automation_audit_log","confidence_score_id","claim_confidence_scores","id","NO ACTION","NO ACTION"
"fk_aal_routing_decision","automation_audit_log","routing_decision_id","claim_routing_decisions","id","NO ACTION","NO ACTION"
"fk_ae_accepted_review","assessor_evaluations","accepted_review_id","assessor_report_reviews","id","CASCADE","SET NULL"
"fk_crd_automation_policy","claim_routing_decisions","automation_policy_id","automation_policies","id","NO ACTION","NO ACTION"
"fk_crd_confidence_score","claim_routing_decisions","confidence_score_id","claim_confidence_scores","id","NO ACTION","NO ACTION"
"fk_vgm_vehicle_model","vehicle_geometry_measurements","vehicle_model_id","vehicle_models","id","NO ACTION","NO ACTION"
"fraud_alerts_claim_id_claims_id_fk","fraud_alerts","claim_id","claims","id","CASCADE","CASCADE"
"fraud_indicators_claim_id_claims_id_fk","fraud_indicators","claim_id","claims","id","CASCADE","CASCADE"
"generated_reports_claim_id_claims_id_fk","generated_reports","claim_id","claims","id","CASCADE","CASCADE"
"governance_notifications_claim_id_claims_id_fk","governance_notifications","claim_id","claims","id","CASCADE","CASCADE"
"insurer_quote_requests_claim_id_claims_id_fk","insurer_quote_requests","claim_id","claims","id","CASCADE","CASCADE"
"mismatch_annotations_claim_id_claims_id_fk","mismatch_annotations","claim_id","claims","id","CASCADE","CASCADE"
"model_training_queue_claim_id_claims_id_fk","model_training_queue","claim_id","claims","id","CASCADE","SET NULL"
"narrative_versions_claim_id_claims_id_fk","narrative_versions","claim_id","claims","id","CASCADE","CASCADE"
"notifications_claim_id_claims_id_fk","notifications","claim_id","claims","id","CASCADE","CASCADE"
"panel_beater_quotes_claim_id_claims_id_fk","panel_beater_quotes","claim_id","claims","id","CASCADE","CASCADE"
"police_reports_claim_id_claims_id_fk","police_reports","claim_id","claims","id","CASCADE","CASCADE"
"policy_claim_links_claim_id_claims_id_fk","policy_claim_links","claim_id","claims","id","CASCADE","CASCADE"
"pre_accident_damage_claim_id_claims_id_fk","pre_accident_damage","claim_id","claims","id","CASCADE","CASCADE"
"quote_optimisation_results_claim_id_claims_id_fk","quote_optimisation_results","claim_id","claims","id","CASCADE","CASCADE"
"recovery_cases_claim_id_claims_id_fk","recovery_cases","claim_id","claims","id","CASCADE","RESTRICT"
"repair_history_claim_id_claims_id_fk","repair_history","claim_id","claims","id","CASCADE","CASCADE"
"report_snapshots_claim_id_claims_id_fk","report_snapshots","claim_id","claims","id","CASCADE","CASCADE"
"risk_register_claim_id_claims_id_fk","risk_register","claim_id","claims","id","CASCADE","SET NULL"
"routing_history_claim_id_claims_id_fk","routing_history","claim_id","claims","id","CASCADE","CASCADE"
"third_party_vehicles_claim_id_claims_id_fk","third_party_vehicles","claim_id","claims","id","CASCADE","CASCADE"
"usage_events_claim_id_claims_id_fk","usage_events","claim_id","claims","id","CASCADE","SET NULL"
"vehicle_condition_assessment_claim_id_claims_id_fk","vehicle_condition_assessment","claim_id","claims","id","CASCADE","CASCADE"
"vehicle_damage_history_claim_id_claims_id_fk","vehicle_damage_history","claim_id","claims","id","CASCADE","SET NULL"
"vehicle_market_valuations_claim_id_claims_id_fk","vehicle_market_valuations","claim_id","claims","id","CASCADE","SET NULL"
"workflow_audit_trail_claim_id_claims_id_fk","workflow_audit_trail","claim_id","claims","id","CASCADE","CASCADE"