table_name,index_name,seq_in_index,column_name,non_unique
"claim_routing_decisions","claim_routing_decisions_claim_id_claims_id_fk","1","claim_id","1"
"claim_routing_decisions","fk_crd_automation_policy","1","automation_policy_id","1"
"claim_routing_decisions","fk_crd_confidence_score","1","confidence_score_id","1"
"claim_routing_decisions","idx_claim_id","1","claim_id","1"
"claim_routing_decisions","idx_decision_timestamp","1","decision_timestamp","1"
"claim_routing_decisions","idx_routed_workflow","1","routed_workflow","1"
"claim_routing_decisions","idx_tenant_id","1","tenant_id","1"
"claims","claims_claim_number_unique","1","claim_number","1"
"claims","idx_claims_assigned_assessor_id","1","assigned_assessor_id","1"
"claims","idx_claims_claimant_id","1","claimant_id","1"
"claims","idx_claims_created_at","1","created_at","1"
"claims","idx_claims_fleet_driver_id","1","fleet_driver_id","1"
"claims","idx_claims_source_document_id","1","source_document_id","0"
"claims","idx_claims_status","1","status","1"
"claims","idx_claims_tenant_created","1","tenant_id","1"
"claims","idx_claims_tenant_created","2","created_at","1"
"claims","idx_claims_tenant_status","1","tenant_id","1"
"claims","idx_claims_tenant_status","2","status","1"
"claims","idx_claims_tenant_workflow_created","1","tenant_id","1"
"claims","idx_claims_tenant_workflow_created","2","workflow_state","1"
"claims","idx_claims_tenant_workflow_created","3","created_at","1"
"claims","idx_claims_vehicle_registry_id","1","vehicle_registry_id","1"
"claims","idx_confidence_score","1","confidence_score","1"
"claims","idx_fraud_risk_score","1","fraud_risk_score","1"
"claims","idx_policy_version_id","1","policy_version_id","1"
"claims","idx_routing_decision","1","routing_decision","1"
"client_insurance_service_requests","client_insurance_service_request_number_idx","1","request_number","1"
"client_insurance_service_requests","client_insurance_service_user_idx","1","user_id","1"
"client_vehicle_valuation_requests","client_valuation_request_number_idx","1","request_number","1"
"client_vehicle_valuation_requests","client_valuation_token_idx","1","submission_token","1"
"client_vehicle_valuation_requests","client_valuation_user_idx","1","user_id","1"
"component_benchmarks","idx_cb_component_id","1","component_id","1"
"component_benchmarks","idx_cb_component_make","1","component_id","1"
"component_benchmarks","idx_cb_component_make","2","vehicle_make","1"
"component_benchmarks","idx_cb_market_currency","1","market_region","1"
"component_benchmarks","idx_cb_market_currency","2","currency_code","1"
"component_benchmarks","idx_cb_market_currency","3","evidence_quality","1"
"component_benchmarks","idx_cb_vehicle_precision","1","component_id","1"
"component_benchmarks","idx_cb_vehicle_precision","2","vehicle_make","1"
"component_benchmarks","idx_cb_vehicle_precision","3","vehicle_model","1"
"component_benchmarks","idx_cb_vehicle_precision","4","year_band","1"
"component_repair_outcomes","component_repair_outcomes_claim_id_claims_id_fk","1","claim_id","1"
"component_repair_outcomes","idx_cro_claim_id","1","claim_id","1"
"component_repair_outcomes","idx_cro_component_severity","1","component_name","1"
"component_repair_outcomes","idx_cro_component_severity","2","severity_at_decision","1"
"component_repair_outcomes","idx_cro_make_model","1","vehicle_make","1"
"component_repair_outcomes","idx_cro_make_model","2","vehicle_model","1"
"component_repair_outcomes","idx_cro_market_currency","1","market_region","1"
"component_repair_outcomes","idx_cro_market_currency","2","currency_code","1"
"component_repair_outcomes","idx_cro_market_currency","3","evidence_quality","1"
"component_repair_outcomes","idx_cro_outcome","1","outcome","1"
"component_repair_outcomes","idx_cro_vehicle_precision","1","component_name","1"
"component_repair_outcomes","idx_cro_vehicle_precision","2","vehicle_make","1"
"component_repair_outcomes","idx_cro_vehicle_precision","3","vehicle_model","1"
"component_repair_outcomes","idx_cro_vehicle_precision","4","vehicle_year","1"
"cost_components","idx_cc_claim","1","historical_claim_id","1"
"cost_learning_records","cost_learning_records_claim_id_claims_id_fk","1","claim_id","1"
"cost_learning_records","idx_clr_case_signature","1","case_signature","1"
"cost_learning_records","idx_clr_claim_id","1","claim_id","1"
"cost_learning_records","idx_clr_collision_direction","1","collision_direction","1"
"cost_learning_records","idx_clr_market_currency","1","market_region","1"
"cost_learning_records","idx_clr_market_currency","2","currency","1"
"cost_learning_records","idx_clr_recorded_at","1","recorded_at","1"
"cost_learning_records","idx_clr_tenant_id","1","tenant_id","1"
"cost_learning_records","idx_clr_vehicle_descriptor","1","vehicle_descriptor","1"
"cost_learning_records","idx_clr_vehicle_precision","1","vehicle_make","1"
"cost_learning_records","idx_clr_vehicle_precision","2","vehicle_model","1"
"cost_learning_records","idx_clr_vehicle_precision","3","vehicle_year","1"
"country_repair_index","idx_cri_country","1","country_code","1"
"country_repair_index","idx_cri_effective","1","effective_from","1"
"cross_claim_signals","idx_ccs_claim_id","1","claim_id","1"
"cross_claim_signals","idx_ccs_claim_signal_unique","1","claim_id","0"
"cross_claim_signals","idx_ccs_claim_signal_unique","2","signal_type","0"
"cross_claim_signals","idx_ccs_confidence","1","confidence","1"
"cross_claim_signals","idx_ccs_dismissed","1","is_dismissed","1"
"cross_claim_signals","idx_ccs_signal_type","1","signal_type","1"
"cross_claim_signals","idx_ccs_tenant","1","tenant_id","1"
"currency_exchange_rates","currency_exchange_rates_currency_code_unique","1","currency_code","1"
"dataset_access_grants","idx_dag_data_scope","1","data_scope","1"
"dataset_access_grants","idx_dag_expiry_date","1","expiry_date","1"
"dataset_access_grants","idx_dag_granted_to_user","1","granted_to_user_id","1"
"dataset_access_grants","idx_dag_tenant_id","1","tenant_id","1"
"decision_snapshots","idx_ds_claim","1","claim_id","1"
"decision_snapshots","idx_ds_created","1","created_at","1"
"decision_snapshots","idx_ds_lifecycle","1","lifecycle_state","1"
"decision_snapshots","idx_ds_tenant","1","tenant_id","1"
"decision_snapshots","idx_ds_verdict","1","verdict_decision","1"
"document_naming_templates","document_naming_templates_tenant_id_doc_type_unique","1","tenant_id","1"
"document_naming_templates","document_naming_templates_tenant_id_doc_type_unique","2","doc_type","1"
"driver_claims","driver_claims_claim_id_claims_id_fk","1","claim_id","1"
"driver_claims","idx_dc_claim_id","1","claim_id","1"
"driver_claims","idx_dc_driver_id","1","driver_id","1"
"driver_claims","idx_dc_role","1","role","1"
"driver_claims","idx_dc_tenant","1","tenant_id","1"
"driver_claims","idx_dc_unique","1","driver_id","0"
"driver_claims","idx_dc_unique","2","claim_id","0"
"driver_claims","idx_dc_unique","3","role","0"
"drivers","idx_drivers_email","1","email","1"
"drivers","idx_drivers_full_name","1","full_name","1"
"drivers","idx_drivers_license_number","1","license_number","0"
"drivers","idx_drivers_national_id","1","national_id_number","1"
"drivers","idx_drivers_phone","1","phone","1"
"drivers","idx_drivers_repeat_claimer","1","is_repeat_claimer","1"
"drivers","idx_drivers_risk_score","1","driver_risk_score","1"
"drivers","idx_drivers_tenant","1","tenant_id","1"
"engineer_observations","idx_eo_authored_by","1","authored_by","1"
"engineer_observations","idx_eo_inspection","1","inspection_id","1"
"engineer_observations","idx_eo_severity","1","severity","1"
"engineer_observations","idx_eo_tenant","1","tenant_id","1"
"engineer_observations","idx_eo_type","1","observation_type","1"
"engineer_profiles","idx_ep_available","1","is_available","1"
"engineer_profiles","idx_ep_region","1","region","1"
"engineer_profiles","idx_ep_tenant","1","tenant_id","1"
"engineer_profiles","idx_ep_user_id","1","user_id","0"
"extracted_repair_items","idx_eri_claim","1","historical_claim_id","1"
"fast_track_config","idx_ft_config_claim_type","1","claim_type","1"
"fast_track_config","idx_ft_config_effective","1","effective_from","1"
"fast_track_config","idx_ft_config_enabled","1","enabled","1"
"fast_track_config","idx_ft_config_hierarchy","1","tenant_id","1"
"fast_track_config","idx_ft_config_hierarchy","2","product_id","1"
"fast_track_config","idx_ft_config_hierarchy","3","claim_type","1"
"fast_track_config","idx_ft_config_product","1","product_id","1"
"fast_track_config","idx_ft_config_tenant","1","tenant_id","1"
"fast_track_routing_log","fast_track_routing_log_claim_id_claims_id_fk","1","claim_id","1"
"fast_track_routing_log","idx_ft_log_claim","1","claim_id","1"
"fast_track_routing_log","idx_ft_log_claim_tenant","1","claim_id","1"
"fast_track_routing_log","idx_ft_log_claim_tenant","2","tenant_id","1"
"fast_track_routing_log","idx_ft_log_config","1","config_id","1"
"fast_track_routing_log","idx_ft_log_decision","1","decision","1"
"fast_track_routing_log","idx_ft_log_evaluated","1","evaluated_at","1"
"fast_track_routing_log","idx_ft_log_tenant","1","tenant_id","1"
"federated_learning_metadata","idx_flm_model_type","1","model_type","1"
"federated_learning_metadata","idx_flm_round_number","1","round_number","1"
"federated_learning_metadata","idx_flm_training_started","1","training_started_at","1"
"final_approval_records","historical_claim_id","1","historical_claim_id","1"
"fleet_accounts","idx_fleet_accounts_agency","1","linked_agency_id","1"
"fleet_accounts","idx_fleet_accounts_insurer","1","linked_insurer_tenant_id","1"
"fleet_accounts","idx_fleet_accounts_owner","1","owner_user_id","1"
"fleet_accounts","idx_fleet_accounts_status","1","status","1"
"fleet_drivers","idx_fleet_drivers_fleet_id","1","fleet_id","1"
"fleet_drivers","idx_fleet_drivers_tenant_id","1","tenant_id","1"
"fleet_drivers","idx_fleet_drivers_user_id","1","user_id","1"
"fleet_incident_reports","idx_fleet_incident_reports_driver_id","1","driver_id","1"
"fleet_incident_reports","idx_fleet_incident_reports_fleet_id","1","fleet_id","1"
"fleet_incident_reports","idx_fleet_incident_reports_status","1","status","1"
"fleet_incident_reports","idx_fleet_incident_reports_tenant_id","1","tenant_id","1"
"fleet_incident_reports","idx_fleet_incident_reports_vehicle_id","1","vehicle_id","1"
"fleet_intelligence_snapshots","idx_fis_fleet_id","1","fleet_id","1"
"fleet_intelligence_snapshots","idx_fis_generated_at","1","generated_at","1"
"fleet_intelligence_snapshots","idx_fis_tenant_id","1","tenant_id","1"
"fleet_manager_requests","idx_fmr_created_at","1","created_at","1"
"fleet_manager_requests","idx_fmr_fleet_account_id","1","fleet_account_id","1"
"fleet_manager_requests","idx_fmr_status","1","status","1"
"fleet_manager_requests","idx_fmr_user_id","1","user_id","1"
"fleet_rfq_client_instructions","idx_fleet_rfq_instruction_agency_status","1","agency_tenant_id","1"
"fleet_rfq_client_instructions","idx_fleet_rfq_instruction_agency_status","2","status","1"
"fleet_rfq_client_instructions","idx_fleet_rfq_instruction_fleet","1","fleet_account_id","1"
"fleet_rfq_client_instructions","uq_fleet_rfq_client_instruction","1","quote_request_id","0"
"fleet_risk_scores","fleet_risk_scores_vehicle_id_unique","1","vehicle_id","1"
"fleet_vehicles","fleet_vehicles_registration_number_unique","1","registration_number","1"
"fleet_vehicles","fleet_vehicles_vin_unique","1","vin","1"
"fraud_alerts","fraud_alerts_claim_id_claims_id_fk","1","claim_id","1"
"fraud_indicators","fraud_indicators_claim_id_claims_id_fk","1","claim_id","1"